{"iteration": [0, 1, 2, 3, 4, 5, 6, 7, 8, 9, 10, 11, 12, 13, 14, 15, 16, 17, 18, 19, 20, 21, 22, 23, 24, 25, 26, 27, 28, 29, 30, 31, 32, 33, 34, 35, 36, 37, 38, 39, 40, 41, 42, 43, 44, 45, 46, 47, 48, 49, 50, 51, 52, 53, 54, 55, 56, 57, 58, 59, 60, 61, 62, 63, 64, 65, 66, 67, 68, 69, 70, 71, 72, 73, 74, 75, 76, 77, 78, 79, 80, 81, 82, 83, 84, 85, 86, 87, 88, 89, 90, 91, 92, 93, 94, 95, 96, 97, 98, 99], "energy": {"real": [2.9994963709905766, 3.0002813083186886, 2.999932929375865, 2.999625009947186, 2.9998363436105264, 3.0002457462719843, 2.999821470329315, 2.999856644026387, 2.9996865097215393, 2.9996772075555, 2.999721410281251, 2.999627371522281, 2.9996790678829606, 2.9995556556886926, 2.999727719617914, 2.9998488103770447, 2.9999434631280155, 3.0000249507804035, 3.000005109788084, 3.0000176140646704, 3.0000802776369815, 3.000059586359591, 2.9997455921348326, 3.000019992836795, 3.000075393922731, 2.9996275007960977, 2.9996346528025026, 2.9992851455177867, 2.9987142422118245, 2.998760649926517, 2.9989463163852657, 2.99956425032393, 2.9980004910692175, 2.996979474245449, 2.9983482472918594, 2.997848814355897, 2.9986796227553385, 2.994188845957207, 2.9905096046278796, 2.992360034553286, 2.985940431337029, 2.9775594657488584, 2.9680292404909556, 2.9488150448104937, 2.9007639577193993, 2.838688868210779, 2.714724277902473, 2.5299865733689537, 2.240145391584812, 1.6931093876016752, 1.0083881894964113, 0.17522098549123094, -0.5159729172622934, -0.6716880783048893, -1.1209864733666361, -1.3339367353541292, -1.2925881146281688, -1.4728049903968556, -1.5819286921787774, -1.9091316613824412, -2.3810400028077097, -2.5971640560709934, -2.7878506557303, -2.8492737901946463, -2.8521592492426517, -2.914185306585354, -2.947159228192326, -2.8873088175601596, -2.9449204270267297, -2.9252813895829957, -2.9963687069258764, -2.9742306903215083, -2.9691212066972037, -2.974233394613884, -2.9982151527260594, -2.9759915143320153, -2.9989020874258405, -2.977645378676525, -2.9848202180630823, -3.0003528839560563, -2.999622870003734, -2.984904203549647, -2.9921026818430665, -3.000397080620497, -2.98587864836976, -2.992883382306262, -3.000014305294469, -3.000198450069994, -3.0000124832699266, -3.000069940032164, -2.999985266203986, -2.992496306034997, -2.9924307172616698, -2.999815976122884, -3.000152593024503, -2.9999907129066146, -2.9999474771582757, -3.0000334911264632, -3.000028993043526, -3.000004074317115], "imag": [-0.0001418820407848999, -3.49943775578903e-05, 0.0004292392831840684, 0.0002532643949324842, -0.0013447185314552931, -0.0014865662373273894, 0.0007683699053461065, 0.00037697605082237046, -0.0002644561261897635, 0.0014113134726856033, 0.001373247351513335, 0.0004983158317607657, -0.0013314569899874986, -0.0009506681402163156, 0.00020559570067789308, 0.001168359574777083, 0.0007116005232866396, -0.0007723919891366443, -0.00023797182278874714, -0.00047495176745022727, 0.0004861887935931136, -0.0013154524775188504, 0.00022382104833613484, 0.0016205003786767434, -0.0029123470945958806, 0.0009442898613909452, 0.00041939877650641085, 0.00171105346687372, 0.0025395861156114062, 0.002255910830225269, 0.0011073549233149979, 0.002027332975908571, 0.0030144861723227154, -0.0007717157770291722, 0.0018736671481609118, -0.013095072604357175, -0.004889491833469761, 0.014862618405129662, 0.0030038625022567023, -0.012682191803084724, -0.018255684090311582, 0.016363153145100916, -0.00644649213304902, -0.015306520632381724, 0.01591730442858161, 0.031093840194062274, 0.02624256608859483, 0.053731364292212015, -0.08392624139529781, 0.05005558994283396, -0.048141141850175075, 0.05654259425710159, -0.0573300287100465, 0.009399300365122572, -0.027578575958859767, 0.010575855619948962, 0.0808826667933111, -0.02791105689894871, -0.03311299481869511, -0.00013112040917890867, -0.006985117091472746, -0.004043958013309612, -0.003918749431851235, 0.0019671392360130152, -0.002586042363645154, 0.0019979230125540728, -0.00630248281684489, 0.001993504807222845, -0.0015314225189452192, 0.00024521734246027714, -0.0010741845761810106, 0.0038012618914924513, -0.00044993280482133523, -0.0009969863655291907, 4.785370677661285e-05, -0.0007060498734676877, -0.00033210868702520497, 0.0003442765985543603, 0.0003554940954461072, 0.0004201011617999673, -0.0002836122838320971, -0.000173680032417692, -0.0003090398180956625, 0.00023517899596363533, -0.000191130153364773, 7.376714539362098e-05, -2.903002072080924e-05, 0.00011724339252990948, 2.3724078360074595e-05, 3.101734902775271e-05, -6.941932723736192e-06, 5.687662482166974e-06, 3.7078097168133807e-06, -0.00015946446999730288, 0.0001294527658813004, 1.2688190725840265e-05, -3.2200977352033936e-05, 3.294596066518036e-05, 2.9444308587519034e-05, 1.6707993152915995e-06]}}